Customer,Sales Organization,Distribution Channel,Division
1000000,IN01,DI,CD
1000001,IN01,DI,CD
1000001,IN03,SD,CD
1000001,IN04,SD,CD
1000002,IN01,DI,CD
1000003,IN01,DI,CD
1000004,IN01,DI,CD
1000004,IN02,SD,CD
1000004,IN03,SD,CD
1000005,IN01,DI,CD
1000005,IN03,SD,CD
1000005,IN04,SD,CD
1000006,IN01,DI,CD
1000006,IN01,DT,CD
1000007,IN01,DI,CD
1000008,IN01,DI,CD
1000009,IN01,DI,CD
1000009,IN01,DT,CD
1000010,IN01,DI,CD
1000011,IN01,DI,CD
1000011,IN11,DT,CD
1000011,IN11,SD,CD
1000012,IN01,DI,CD
1000012,IN01,DI,SC
1000012,IN01,SD,CD
1000012,IN11,BT,CD
1000012,IN11,DT,CD
1000012,IN11,SD,CD
1000013,IN01,DI,CD
1000014,IN01,DI,CD
1000015,IN01,DI,CD
1000016,IN01,DI,CD
1000016,IN01,DT,CD
1000017,IN01,DI,CD
1000018,IN01,DI,CD
1000018,IN10,SD,CD
1000019,IN01,DI,CD
1000020,IN01,DI,CD
1000021,IN01,DI,CD
1000022,IN01,DI,CD
1000022,IN01,DT,CD
1000023,IN01,DI,CD
1000023,IN01,DT,CD
1000024,IN01,DI,CD
1000025,IN01,DI,CD
1000026,IN01,DI,CD
1000027,IN01,DI,CD
1000028,IN01,DI,CD
1000029,IN01,DI,CD
1000030,IN01,DI,CD
1000030,IN01,DT,CD
1000031,IN01,DI,CD
1000032,IN01,DI,CD
1000033,IN01,DI,CD
1000033,IN01,DT,CD
1000034,IN01,DI,CD
1000035,IN01,DI,CD
1000036,IN01,DI,CD
1000036,IN01,DT,CD
1000037,IN01,DI,CD
1000037,IN01,DT,CD
1000038,IN01,DI,CD
1000039,IN01,DI,CD
1000040,IN01,DI,CD
1000041,IN01,DI,CD
1000042,IN01,DI,CD
1000043,IN01,DI,CD
1000044,IN01,DI,CD
1000045,IN01,DI,CD
1000046,IN01,DI,CD
1000047,IN01,DI,CD
1000048,IN01,DI,CD
1000049,IN01,DI,CD
1000050,IN01,DI,CD
1000051,IN01,DI,CD
1000052,IN01,DI,CD
1000052,IN01,DT,CD
1000052,IN02,DI,CD
1000052,IN11,DT,CD
1000053,IN01,DI,CD
1000054,IN01,DI,CD
1000054,IN01,DT,CD
1000055,IN01,DI,CD
1000055,IN01,DT,CD
1000056,IN01,DI,CD
1000057,IN01,DI,CD
1000058,IN01,DI,CD
1000059,IN01,DI,CD
1000060,IN01,DI,CD
1000061,IN01,DI,CD
1000062,IN01,DI,CD
1000063,IN01,DI,CD
1000064,IN01,DI,CD
1000065,IN01,DI,CD
1000066,IN01,DI,CD
1000067,IN01,DI,CD
1000068,IN01,DI,CD
1000069,IN01,DI,CD
1000070,IN01,DI,CD
1000071,IN01,DI,CD
1000072,IN01,DI,CD
1000073,IN01,DI,CD
1000074,IN01,DI,CD
1000075,IN01,DI,CD
1000076,IN01,DI,CD
1000077,IN01,DI,CD
1000078,IN01,DI,CD
1000079,IN01,DI,CD
1000080,IN01,DI,CD
1000081,IN01,DI,CD
1000082,IN01,DI,CD
1000083,IN01,DI,CD
1000083,IN01,DT,CD
1000084,IN01,DI,CD
1000085,IN01,DI,CD
1000085,IN03,SD,CD
1000086,IN01,DI,CD
1000087,IN01,DI,CD
1000088,IN01,DI,CD
1000089,IN01,DI,CD
1000090,IN01,DI,CD
1000091,IN01,DI,CD
1000092,IN01,DI,CD
1000093,IN01,DI,CD
1000094,IN01,DI,CD
1000095,IN01,DI,CD
1000096,IN01,DI,CD
1000097,IN01,DI,CD
1000098,IN01,DI,CD
1000099,IN01,DI,CD
1000100,IN01,DI,CD
1000101,IN01,DI,CD
1000102,IN01,DI,CD
1000103,IN01,DI,CD
1000104,IN01,DI,CD
1000105,IN01,DI,CD
1000105,IN03,SD,CD
1000106,IN01,DI,CD
1000107,IN01,DI,CD
1000108,IN01,DI,CD
1000109,IN01,DI,CD
1000110,IN01,DI,CD
1000111,IN01,DI,CD
1000112,IN01,DI,CD
1000113,IN01,DI,CD
1000114,IN01,DI,CD
1000115,IN01,DI,CD
1000115,IN01,DT,CD
1000116,IN01,DI,CD
1000117,IN01,DI,CD
1000118,IN01,DI,CD
1000119,IN01,DI,CD
1000120,IN01,DI,CD
1000120,IN03,SD,CD
1000121,IN01,DI,CD
1000122,IN01,DI,CD
1000123,IN01,DI,CD
1000124,IN01,DI,CD
1000125,IN01,DI,CD
1000126,IN01,DI,CD
1000126,IN01,DT,CD
1000126,IN03,SD,CD
1000126,IN11,BT,CD
1000126,IN11,DT,CD
1000126,IN11,SD,CD
1000127,IN01,DI,CD
1000127,IN03,SD,CD
1000128,IN01,DI,CD
1000129,IN01,DI,CD
1000130,IN01,DI,CD
1000131,IN01,DI,CD
1000132,IN01,DI,CD
1000133,IN01,DI,CD
1000134,IN01,DI,CD
1000135,IN01,DI,CD
1000136,IN01,DI,CD
1000136,IN03,SD,CD
1000137,IN01,DI,CD
1000138,IN01,DI,CD
1000139,IN01,DI,CD
1000140,IN01,DI,CD
1000141,IN01,DI,CD
1000142,IN01,DI,CD
1000143,IN01,DI,CD
1000144,IN01,DI,CD
1000145,IN01,DI,CD
1000146,IN01,DI,CD
1000147,IN01,DI,CD
1000147,IN01,DT,CD
1000148,IN01,DI,CD
1000148,IN15,DI,CD
1000149,IN01,DI,CD
1000150,IN01,DI,CD
1000151,IN01,DI,CD
1000152,IN01,DI,CD
1000153,IN01,DI,CD
1000154,IN01,DI,CD
1000155,IN01,DI,CD
1000156,IN01,DI,CD
1000157,IN01,DI,CD
1000158,IN01,DI,CD
1000159,IN01,DI,CD
1000160,IN01,DI,CD
1000161,IN01,DI,CD
1000161,IN01,DT,CD
1000162,IN01,DI,CD
1000163,IN01,DI,CD
1000164,IN01,DI,CD
1000165,IN01,DI,CD
1000166,IN01,DI,CD
1000167,IN01,DI,CD
1000167,IN01,DT,CD
1000168,IN01,DI,CD
1000169,IN01,DI,CD
1000170,IN01,DI,CD
1000171,IN01,DI,CD
1000172,IN01,DI,CD
1000173,IN01,DI,CD
1000174,IN01,DI,CD
1000174,IN06,SD,CD
1000175,IN01,DI,CD
1000176,IN01,DI,CD
1000177,IN01,DI,CD
1000178,IN01,DI,CD
1000179,IN01,DI,CD
1000180,IN01,DI,CD
1000181,IN01,DI,CD
1000182,IN01,DI,CD
1000183,IN01,DI,CD
1000184,IN01,DI,CD
1000185,IN01,DI,CD
1000186,IN01,DI,CD
1000187,IN01,DI,CD
1000187,IN01,DT,CD
1000188,IN01,DI,CD
1000189,IN01,DI,CD
1000190,IN01,DI,CD
1000191,IN01,DI,CD
1000192,IN01,DI,CD
1000193,IN01,DI,CD
1000194,IN01,DI,CD
1000195,IN01,DI,CD
1000196,IN01,DI,CD
1000197,IN01,DI,CD
1000198,IN01,DI,CD
1000199,IN01,DI,CD
1000200,IN01,DI,CD
1000201,IN01,DI,CD
1000202,IN01,DI,CD
1000203,IN01,DI,CD
1000203,IN01,DT,CD
1000204,IN01,DI,CD
1000205,IN01,DI,CD
1000206,IN01,DI,CD
1000206,IN01,DT,CD
1000207,IN01,DI,CD
1000208,IN01,DI,CD
1000209,IN01,DI,CD
1000210,IN02,SD,CD
1000210,IN04,SD,CD
1000211,IN02,SD,CD
1000211,IN04,SD,CD
1000212,IN02,SD,CD
1000213,IN02,SD,CD
1000213,IN04,SD,CD
1000214,IN02,SD,CD
1000215,IN02,SD,CD
1000216,IN01,DI,CD
1000216,IN02,SD,CD
1000216,IN04,SD,CD
1000217,IN02,SD,CD
1000218,IN02,SD,CD
1000219,IN02,SD,CD
1000220,IN02,SD,CD
1000221,IN02,SD,CD
1000221,IN06,SD,CD
1000222,IN02,SD,CD
1000222,IN04,SD,CD
1000223,IN02,SD,CD
1000224,IN03,SD,CD
1000225,IN03,SD,CD
1000226,IN03,SD,CD
1000227,IN03,SD,CD
1000228,IN03,SD,CD
1000229,IN03,SD,CD
1000230,IN03,SD,CD
1000231,IN03,SD,CD
1000232,IN03,SD,CD
1000233,IN03,SD,CD
1000234,IN03,SD,CD
1000235,IN03,SD,CD
1000236,IN01,DI,CD
1000236,IN03,SD,CD
1000236,IN07,DI,CD
1000236,IN07,SD,CD
1000237,IN03,SD,CD
1000238,IN01,DI,CD
1000238,IN03,SD,CD
1000239,IN03,SD,CD
1000240,IN03,SD,CD
1000241,IN03,SD,CD
1000241,IN04,SD,CD
1000242,IN03,SD,CD
1000243,IN03,SD,CD
1000243,IN04,SD,CD
1000244,IN03,SD,CD
1000245,IN03,SD,CD
1000246,IN03,SD,CD
1000247,IN01,DI,CD
1000247,IN03,SD,CD
1000247,IN04,SD,CD
1000248,IN03,SD,CD
1000249,IN03,SD,CD
1000250,IN03,SD,CD
1000251,IN03,SD,CD
1000252,IN03,SD,CD
1000253,IN03,SD,CD
1000254,IN03,SD,CD
1000255,IN03,SD,CD
1000255,IN04,SD,CD
1000256,IN03,SD,CD
1000257,IN03,SD,CD
1000258,IN03,SD,CD
1000259,IN03,SD,CD
1000260,IN03,SD,CD
1000260,IN04,SD,CD
1000261,IN03,SD,CD
1000261,IN04,SD,CD
1000262,IN03,SD,CD
1000263,IN03,SD,CD
1000264,IN03,SD,CD
1000265,IN03,SD,CD
1000266,IN03,SD,CD
1000267,IN03,SD,CD
1000268,IN03,SD,CD
1000269,IN03,SD,CD
1000270,IN03,SD,CD
1000271,IN03,SD,CD
1000272,IN03,SD,CD
1000273,IN03,SD,CD
1000274,IN03,SD,CD
1000275,IN03,SD,CD
1000276,IN03,SD,CD
1000277,IN03,SD,CD
1000278,IN03,SD,CD
1000279,IN03,SD,CD
1000280,IN03,SD,CD
1000281,IN03,SD,CD
1000282,IN03,SD,CD
1000283,IN03,SD,CD
1000284,IN03,SD,CD
1000285,IN03,SD,CD
1000286,IN03,SD,CD
1000287,IN03,SD,CD
1000288,IN03,SD,CD
1000289,IN03,SD,CD
1000290,IN03,SD,CD
1000291,IN03,SD,CD
1000292,IN03,SD,CD
1000293,IN03,SD,CD
1000294,IN03,SD,CD
1000295,IN03,SD,CD
1000296,IN03,SD,CD
1000297,IN03,SD,CD
1000298,IN03,SD,CD
1000299,IN03,SD,CD
1000300,IN03,SD,CD
1000301,IN03,SD,CD
1000302,IN03,SD,CD
1000303,IN03,SD,CD
1000304,IN03,SD,CD
1000305,IN03,SD,CD
1000306,IN03,SD,CD
1000307,IN03,SD,CD
1000308,IN03,SD,CD
1000309,IN03,SD,CD
1000310,IN03,SD,CD
1000311,IN03,SD,CD
1000311,IN07,SD,CD
1000312,IN03,SD,CD
1000313,IN03,SD,CD
1000314,IN03,SD,CD
1000315,IN03,SD,CD
1000316,IN03,SD,CD
1000317,IN03,SD,CD
1000318,IN03,SD,CD
1000319,IN03,SD,CD
1000320,IN03,SD,CD
1000321,IN03,SD,CD
1000322,IN03,SD,CD
1000323,IN01,DI,CD
1000323,IN02,DI,CD
1000323,IN03,SD,CD
1000324,IN01,EX,CD
1000325,IN01,EX,CD
1000326,IN01,EX,CD
1000327,IN01,EX,CD
1000328,IN01,EX,CD
1000329,IN01,EX,CD
1000330,IN01,EX,CD
1000331,IN01,EX,CD
1000879,IN01,DI,CD
1000880,IN01,DI,CD
1000881,IN01,DI,CD
1000882,IN01,DI,CD
1000883,IN01,DI,CD
1000884,IN01,DI,CD
1000885,IN01,DI,CD
1000886,IN01,DI,CD
1000887,IN01,DI,CD
1000888,IN01,DI,CD
1000889,IN01,DI,CD
1000890,IN01,DI,CD
1000891,IN01,DI,CD
1000892,IN01,DI,CD
1000893,IN01,DI,CD
1000894,IN01,DI,CD
1000895,IN01,DI,CD
1000896,IN01,DI,CD
1000897,IN01,DI,CD
1000898,IN01,DI,CD
1000899,IN01,DI,CD
1000900,IN01,DI,CD
1000901,IN01,DI,CD
1000902,IN01,DI,CD
1000903,IN01,DI,CD
1000904,IN01,DI,CD
1000905,IN01,DI,CD
1000906,IN01,DI,CD
1000907,IN01,DI,CD
1000908,IN01,DI,CD
1000909,IN01,DI,CD
1000910,IN01,DI,CD
1000911,IN01,DI,CD
1000912,IN01,DI,CD
1000913,IN01,DI,CD
1000914,IN01,DI,CD
1000915,IN01,DI,CD
1000916,IN01,DI,CD
1000917,IN01,DI,CD
1000918,IN01,DI,CD
1000919,IN01,DI,CD
1000920,IN01,DI,CD
1000921,IN01,DI,CD
1000922,IN01,DI,CD
1000923,IN01,DI,CD
1000924,IN01,DI,CD
1000925,IN01,DI,CD
1000926,IN01,DI,CD
1000927,IN01,DI,CD
1000928,IN01,DI,CD
1000929,IN01,DI,CD
1000930,IN01,DI,CD
1000931,IN01,DI,CD
1000932,IN01,DI,CD
1000933,IN01,DI,CD
1000934,IN01,DI,CD
1000935,IN01,DI,CD
1000936,IN01,DI,CD
1000937,IN01,DI,CD
1000938,IN01,DI,CD
1000939,IN01,DI,CD
1000940,IN01,DI,CD
1000941,IN01,DI,CD
1000942,IN01,DI,CD
1000943,IN01,DI,CD
1000944,IN01,DI,CD
1000945,IN01,DI,CD
1000946,IN01,DI,CD
1000947,IN01,DI,CD
1000948,IN01,DI,CD
1000949,IN01,DI,CD
1000950,IN01,DI,CD
1000951,IN01,DI,CD
1000952,IN01,DI,CD
1000953,IN01,DI,CD
1000954,IN01,DI,CD
1000955,IN01,DI,CD
1000956,IN01,DI,CD
1000957,IN01,DI,CD
1000958,IN01,DI,CD
1000959,IN01,DI,CD
1000960,IN01,DI,CD
1000961,IN01,DI,CD
1000962,IN01,DI,CD
1000963,IN01,DI,CD
1000964,IN01,DI,CD
1000965,IN01,DI,CD
1000966,IN01,DI,CD
1000967,IN01,DI,CD
1000968,IN01,DI,CD
1000969,IN01,DI,CD
1000970,IN01,DI,CD
1000971,IN01,DI,CD
1000972,IN01,DI,CD
1000973,IN01,DI,CD
1000974,IN01,DI,CD
1000975,IN01,DI,CD
1000976,IN01,DI,CD
1000977,IN01,DI,CD
1000978,IN01,DI,CD
1000979,IN01,DI,CD
1000980,IN01,DI,CD
1000981,IN01,DI,CD
1000982,IN01,DI,CD
1000983,IN01,DI,CD
1000984,IN01,DI,CD
1000984,IN03,SD,CD
1000985,IN01,DI,CD
1000985,IN03,SD,CD
1000986,IN01,DI,CD
1000986,IN03,SD,CD
1000987,IN01,DI,CD
1000988,IN01,DI,CD
1000989,IN01,DI,CD
1000990,IN01,DI,CD
1000991,IN01,DI,CD
1000991,IN03,SD,CD
1000992,IN01,DI,CD
1000993,IN01,DI,CD
1000994,IN01,DI,CD
1000995,IN01,DI,CD
1000996,IN01,DI,CD
1000997,IN01,DI,CD
1000998,IN01,DI,CD
1000999,IN01,DI,CD
1001000,IN01,DI,CD
1001001,IN01,DI,CD
1001002,IN01,DI,CD
1001003,IN01,DI,CD
1001004,IN01,DI,CD
1001005,IN01,DI,CD
1001006,IN01,DI,CD
1001007,IN01,DI,CD
1001008,IN01,DI,CD
1001009,IN01,DI,CD
1001010,IN01,DI,CD
1001011,IN01,DI,CD
1001012,IN01,DI,CD
1001013,IN01,DI,CD
1001014,IN01,DI,CD
1001015,IN01,DI,CD
1001016,IN01,DI,CD
1001017,IN01,DI,CD
1001018,IN01,DI,CD
1001019,IN01,DI,CD
1001020,IN01,DI,CD
1001021,IN01,DI,CD
1001022,IN01,DI,CD
1001023,IN01,DI,CD
1001024,IN01,DI,CD
1001025,IN01,DI,CD
1001026,IN01,DI,CD
1001027,IN01,DI,CD
1001028,IN01,DI,CD
1001029,IN01,DI,CD
1001030,IN01,DI,CD
1001031,IN01,DI,CD
1001032,IN01,DI,CD
1001033,IN01,DI,CD
1001034,IN01,DI,CD
1001035,IN01,DI,CD
1001036,IN01,DI,CD
1001037,IN01,DI,CD
1001038,IN01,DI,CD
1001039,IN01,DI,CD
1001040,IN01,DI,CD
1001041,IN01,DI,CD
1001042,IN01,DI,CD
1001043,IN01,DI,CD
1001044,IN01,DI,CD
1001045,IN01,DI,CD
1001046,IN01,DI,CD
1001047,IN01,DI,CD
1001048,IN01,DI,CD
1001049,IN01,DI,CD
1001050,IN01,DI,CD
1001051,IN01,DI,CD
1001052,IN01,DI,CD
1001053,IN01,DI,CD
1001054,IN01,DI,CD
1001055,IN01,DI,CD
1001056,IN01,DI,CD
1001056,IN03,SD,CD
1001057,IN01,DI,CD
1001058,IN01,DI,CD
1001059,IN01,DI,CD
1001060,IN01,DI,CD
1001061,IN01,DI,CD
1001062,IN01,DI,CD
1001063,IN01,DI,CD
1001063,IN01,DT,CD
1001064,IN01,DI,CD
1001065,IN01,DI,CD
1001066,IN01,DI,CD
1001067,IN01,DI,CD
1001068,IN01,DI,CD
1001069,IN01,DI,CD
1001070,IN01,DI,CD
1001070,IN03,SD,CD
1001071,IN01,DI,CD
1001072,IN01,DI,CD
1001073,IN01,DI,CD
1001074,IN01,DI,CD
1001075,IN01,DI,CD
1001076,IN01,DI,CD
1001077,IN01,DI,CD
1001078,IN01,DI,CD
1001079,IN01,DI,CD
1001080,IN01,DI,CD
1001081,IN01,DI,CD
1001082,IN01,DI,CD
1001083,IN01,DI,CD
1001084,IN01,DI,CD
1001085,IN01,DI,CD
1001086,IN01,DI,CD
1001087,IN01,DI,CD
1001088,IN01,DI,CD
1001089,IN01,DI,CD
1001090,IN01,DI,CD
1001091,IN01,DI,CD
1001092,IN01,DI,CD
1001093,IN01,DI,CD
1001094,IN01,DI,CD
1001095,IN01,DI,CD
1001096,IN01,DI,CD
1001097,IN01,DI,CD
1001098,IN01,DI,CD
1001099,IN01,DI,CD
1001100,IN01,DI,CD
1001101,IN01,DI,CD
1001102,IN01,DI,CD
1001103,IN01,DI,CD
1001104,IN01,DI,CD
1001105,IN01,DI,CD
1001106,IN01,DI,CD
1001107,IN01,DI,CD
1001108,IN01,DI,CD
1001109,IN01,DI,CD
1001110,IN01,DI,CD
1001111,IN01,DI,CD
1001112,IN01,DI,CD
1001113,IN01,DI,CD
1001114,IN01,DI,CD
1001115,IN01,DI,CD
1001116,IN01,DI,CD
1001117,IN01,DI,CD
1001118,IN01,DI,CD
1001119,IN01,DI,CD
1001120,IN01,DI,CD
1001121,IN01,DI,CD
1001122,IN01,DI,CD
1001123,IN01,DI,CD
1001124,IN01,DI,CD
1001125,IN01,DI,CD
1001126,IN01,DI,CD
1001127,IN01,DI,CD
1001128,IN01,DI,CD
1001129,IN01,DI,CD
1001130,IN01,DI,CD
1001131,IN01,DI,CD
1001132,IN01,DI,CD
1001133,IN01,DI,CD
1001134,IN01,DI,CD
1001135,IN01,DI,CD
1001136,IN01,DI,CD
1001137,IN01,DI,CD
1001138,IN01,DI,CD
1001139,IN01,DI,CD
1001140,IN01,DI,CD
1001141,IN01,DI,CD
1001142,IN01,DI,CD
1001143,IN01,DI,CD
1001144,IN01,DI,CD
1001145,IN01,DI,CD
1001146,IN01,DI,CD
1001147,IN01,DI,CD
1001148,IN01,DI,CD
1001149,IN01,DI,CD
1001150,IN01,DI,CD
1001151,IN01,DI,CD
1001152,IN01,DI,CD
1001153,IN01,DI,CD
1001154,IN01,DI,CD
1001155,IN01,DI,CD
1001156,IN01,DI,CD
1001156,IN03,SD,CD
1001157,IN01,DI,CD
1001157,IN03,SD,CD
1001158,IN01,DI,CD
1001159,IN01,DI,CD
1001160,IN01,DI,CD
1001161,IN01,DI,CD
1001161,IN01,DT,CD
1001162,IN01,DI,CD
1001163,IN01,DI,CD
1001164,IN01,DI,CD
1001165,IN01,DI,CD
1001166,IN01,DI,CD
1001167,IN01,DI,CD
1001168,IN01,DI,CD
1001169,IN01,DI,CD
1001170,IN01,DI,CD
1001171,IN01,DI,CD
1001172,IN01,DI,CD
1001173,IN01,DI,CD
1001174,IN01,DI,CD
1001175,IN01,DI,CD
1001176,IN01,DI,CD
1001177,IN01,DI,CD
1001178,IN01,DI,CD
1001179,IN01,DI,CD
1001180,IN01,DI,CD
1001181,IN01,DI,CD
1001182,IN01,DI,CD
1001183,IN01,DI,CD
1001184,IN01,DI,CD
1001185,IN01,DI,CD
1001186,IN01,DI,CD
1001187,IN01,DI,CD
1001188,IN01,DI,CD
1001189,IN02,SD,CD
1001189,IN04,SD,CD
1001190,IN02,SD,CD
1001191,IN02,SD,CD
1001191,IN04,SD,CD
1001192,IN02,SD,CD
1001192,IN04,SD,CD
1001193,IN03,SD,CD
1001194,IN03,SD,CD
1001195,IN03,SD,CD
1001196,IN01,DI,CD
1001197,IN03,SD,CD
1001198,IN03,SD,CD
1001199,IN02,SD,CD
1001200,IN03,SD,CD
1001201,IN03,SD,CD
1001202,IN02,SD,CD
1001203,IN03,SD,CD
1001204,IN03,SD,CD
1001205,IN03,SD,CD
1001206,IN03,SD,CD
1001207,IN01,DI,CD
1001208,IN03,SD,CD
1001209,IN02,SD,CD
1001210,IN02,SD,CD
1001211,IN03,SD,CD
1001212,IN03,SD,CD
1001213,IN02,SD,CD
1001214,IN02,SD,CD
1001215,IN03,SD,CD
1001216,IN03,SD,CD
1001217,IN02,SD,CD
1001218,IN01,DI,CD
1001219,IN03,SD,CD
1001220,IN01,DI,CD
1001221,IN01,DI,CD
1001222,IN01,DI,CD
1001223,IN01,DI,CD
1001224,IN01,DI,CD
1001225,IN01,DI,CD
1001226,IN01,DI,CD
1001227,IN01,DI,CD
1001228,IN01,DI,CD
1001229,IN01,DI,CD
1001230,IN01,DI,CD
1001231,IN01,DI,CD
1001232,IN01,DI,CD
1001233,IN01,DI,CD
1001234,IN01,DI,CD
1001235,IN01,DI,CD
1001236,IN01,DI,CD
1001237,IN01,DI,CD
1001238,IN01,DI,CD
1001239,IN01,DI,CD
1001240,IN01,DI,CD
1001241,IN01,DI,CD
1001242,IN01,DI,CD
1001243,IN01,DI,CD
1001244,IN01,DI,CD
1001245,IN01,DI,CD
1001246,IN01,DI,CD
1001247,IN01,DI,CD
1001248,IN01,DI,CD
1001249,IN01,DI,CD
1001250,IN01,DI,CD
1001251,IN01,DI,CD
1001252,IN01,DI,CD
1001253,IN01,DI,CD
1001254,IN01,DI,CD
1001255,IN01,DI,CD
1001256,IN01,DI,CD
1001257,IN01,DI,CD
1001258,IN01,DI,CD
1001259,IN01,DI,CD
1001260,IN01,DI,CD
1001261,IN01,DI,CD
1001262,IN01,DI,CD
1001263,IN01,DI,CD
1001264,IN01,DI,CD
1001265,IN01,DI,CD
1001266,IN01,DI,CD
1001267,IN01,DI,CD
1001268,IN01,DI,CD
1001269,IN01,DI,CD
1001270,IN01,DI,CD
1001271,IN01,DI,CD
1001272,IN01,DI,CD
1001273,IN01,DI,CD
1001274,IN01,DI,CD
1001275,IN01,DI,CD
1001276,IN01,DI,CD
1001277,IN01,DI,CD
1001278,IN01,DI,CD
1001464,IN01,EX,CD
1001465,IN05,SD,CD
1001469,IN02,DI,CD
1002244,IN01,DI,CD
1002244,IN01,ST,CD
1003304,IN01,DI,CD
1003359,IN01,DI,CD
1003360,IN01,DI,CD
1003361,IN01,DI,CD
1003362,IN01,DI,CD
1003363,IN01,DI,CD
1003363,IN04,SD,CD
1003364,IN01,DI,CD
1003365,IN01,DI,CD
1003366,IN01,DI,CD
1003366,IN03,SD,CD
1003367,IN01,DI,CD
1003368,IN01,DI,CD
1003369,IN01,DI,CD
1003370,IN01,DI,CD
1003371,IN01,DI,CD
1003372,IN01,DI,CD
1003373,IN01,DI,CD
1003374,IN01,DI,CD
1003375,IN01,DI,CD
1003376,IN01,DI,CD
1003377,IN01,DI,CD
1003378,IN01,DI,CD
1003532,IN01,DI,CD
1003533,IN01,DI,CD
1003534,IN01,DI,CD
1003535,IN01,DI,CD
1003536,IN01,DI,CD
1003537,IN01,DI,CD
1003538,IN01,DI,CD
1003539,IN01,DI,CD
1003540,IN01,DI,CD
1003541,IN01,DI,CD
1003542,IN01,DI,CD
1003543,IN01,DI,CD
1003544,IN01,DI,CD
1003545,IN01,DI,CD
1003546,IN01,DI,CD
1003547,IN01,DI,CD
1003548,IN01,DI,CD
1003549,IN01,DI,CD
1003550,IN01,DI,CD
1003551,IN01,DI,CD
1003552,IN01,DI,CD
1003553,IN01,DI,CD
1003554,IN01,DI,CD
1003555,IN01,DI,CD
1003556,IN01,DI,CD
1003557,IN01,DI,CD
1003558,IN01,DI,CD
1003559,IN01,DI,CD
1003560,IN01,DI,CD
1003561,IN01,DI,CD
1003562,IN01,EX,CD
1003563,IN01,EX,CD
1003564,IN01,EX,CD
1003564,IN01,ST,CD
1003564,US01,ST,CD
1003565,IN01,DI,CD
1003566,DE01,ST,CD
1003566,IN01,DI,CD
1003566,IN01,EX,CD
1003566,IN01,ST,CD
1003567,IN01,DI,CD
1003567,IN01,DT,CD
1003568,IN01,DI,CD
1003569,IN01,DI,CD
1003570,IN01,DI,CD
1003571,IN01,DI,CD
1003572,IN01,DI,CD
1003573,IN01,DI,CD
1003574,IN01,DI,CD
1003575,IN01,DI,CD
1003576,IN01,DI,CD
1003577,IN01,DI,CD
1003578,IN01,DI,CD
1003579,IN01,DI,CD
1003580,IN01,DI,CD
1003581,IN01,DI,CD
1003582,IN01,DI,CD
1003583,IN01,DI,CD
1003584,IN01,DI,CD
1003585,IN01,DI,CD
1003586,IN01,DI,CD
1003587,IN01,DI,CD
1003588,IN01,DI,CD
1003589,IN01,DI,CD
1003590,IN01,DI,CD
1003591,IN01,DI,CD
1003677,IN01,DI,CD
1003678,IN01,DI,CD
1003679,IN01,DI,CD
1003680,IN01,DI,CD
1003681,IN01,DI,CD
1003682,IN01,DI,CD
1003683,IN01,DI,CD
1003684,IN01,DI,CD
1003685,IN01,DI,CD
1003685,IN01,DT,CD
1003686,IN01,DI,CD
1003687,IN01,DI,CD
1003688,IN01,DI,CD
1003689,IN01,DI,CD
1003691,IN01,DI,CD
1003692,IN01,DI,CD
1003693,IN01,DI,CD
1003694,IN01,DI,CD
1003695,IN01,DI,CD
1003702,IN01,DI,CD
1003703,IN01,DI,CD
1003704,IN01,DI,CD
1003705,IN01,DI,CD
1003706,IN01,DI,CD
1003707,IN01,DI,CD
1003708,IN01,DI,CD
1003709,IN01,DI,CD
1003710,IN01,DI,CD
1003711,IN01,DI,CD
1003712,IN01,DI,CD
1003713,IN01,DI,CD
1003714,IN01,DI,CD
1003714,IN01,DT,CD
1003716,IN01,DI,CD
1003719,IN01,DI,CD
1003720,IN01,DI,CD
1003721,IN01,DI,CD
1003722,IN01,DI,CD
1003723,IN01,DI,CD
1003724,IN01,DI,CD
1003726,IN01,DI,CD
1003727,IN01,DI,CD
1003729,IN01,DI,CD
1003730,IN01,DI,CD
1003731,IN01,DI,CD
1003732,IN01,DI,CD
1003733,IN01,DI,CD
1003734,IN01,DI,CD
1003735,IN01,DI,CD
1003736,IN01,DI,CD
1003737,IN01,DI,CD
1003738,IN01,DI,CD
1003739,IN01,DI,CD
1003740,IN01,DI,CD
1003741,IN01,DI,CD
1003742,IN01,DI,CD
1003743,IN01,DI,CD
1003744,IN01,DI,CD
1003745,IN01,DI,CD
1003746,IN01,DI,CD
1003747,IN01,DI,CD
1003748,IN01,DI,CD
1003749,IN01,DI,CD
1003750,IN01,DI,CD
1003751,IN01,DI,CD
1003751,IN01,DT,CD
1003752,IN01,DI,CD
1003753,IN01,DI,CD
1003755,IN01,DI,CD
1003756,IN01,DI,CD
1003758,IN01,DI,CD
1003759,IN01,DI,CD
1003760,IN01,DI,CD
1003761,IN01,DI,CD
1003762,IN01,DI,CD
1003763,IN01,DI,CD
1003766,IN01,DI,CD
1003768,IN01,DI,CD
1003769,IN01,DI,CD
1003770,IN01,DI,CD
1003771,IN01,DI,CD
1003772,IN01,DI,CD
1003773,IN07,SD,CD
1003775,IN01,DI,CD
1003775,IN07,SD,CD
1003776,IN01,DI,CD
1003776,IN07,SD,CD
1003777,IN07,SD,CD
1003778,IN07,SD,CD
1003779,IN07,SD,CD
1003780,IN07,SD,CD
1003781,IN07,SD,CD
1003782,IN07,SD,CD
1003783,IN01,DI,CD
1003788,IN01,DI,CD
1003789,IN01,DI,CD
1003789,IN01,DT,CD
1003790,IN01,DI,CD
1003791,IN01,DI,CD
1003792,IN01,DI,CD
1003793,IN01,DI,CD
1003794,IN01,DI,CD
1003795,IN01,DI,CD
1003795,IN01,DT,CD
1003796,IN01,DI,CD
1003797,IN01,EX,CD
1003800,IN01,EX,CD
1003801,IN01,EX,CD
1003802,IN01,DI,CD
1003804,IN01,DI,CD
1003805,IN01,DI,CD
1003806,IN01,DI,CD
1003807,IN01,DI,CD
1003807,IN02,SD,CD
1003811,IN01,DI,CD
1003812,IN01,DI,CD
1003812,IN01,DT,CD
1003813,IN01,EX,CD
1003815,IN01,DI,CD
1003816,IN01,DI,CD
1003817,IN01,DI,CD
1003818,IN01,DI,CD
1003820,IN01,DI,CD
1003821,IN01,DI,CD
1003822,IN01,DI,CD
1003823,IN01,DI,CD
1003824,IN01,DI,CD
1003825,IN01,DI,CD
1003826,IN01,DI,CD
1003827,IN01,DI,CD
1003828,IN01,DI,CD
1003829,IN01,DI,CD
1003830,IN01,DI,CD
1003831,IN01,DI,CD
1003832,IN01,DI,CD
1003833,IN01,DI,CD
1003850,IN01,DI,CD
1003851,IN01,DI,CD
1003852,IN01,DI,CD
1003853,IN01,DI,CD
1003854,IN01,DI,CD
1003855,IN01,DI,CD
1003856,IN01,DI,CD
1003857,IN01,DI,CD
1003860,IN01,DI,CD
1003861,IN01,DI,CD
1003862,IN01,DI,CD
1003863,IN01,DI,CD
1003864,IN01,DI,CD
1003865,IN01,DI,CD
1003866,IN01,DI,CD
1003867,IN01,DI,CD
1003868,IN01,DI,CD
1003869,IN01,DI,CD
1003870,IN02,SD,CD
1003871,IN01,DI,CD
1003885,IN01,DI,CD
1003886,IN01,DI,CD
1003887,IN01,DI,CD
1003888,IN01,DI,CD
1003889,IN01,DI,CD
1003890,IN01,DI,CD
1003891,IN01,DI,CD
1003892,IN01,DI,CD
1003893,IN01,DI,CD
1003894,IN01,DI,CD
1003895,IN03,SD,CD
1003896,IN01,DI,CD
1003897,IN01,DI,CD
1003898,IN01,DI,CD
1003899,IN01,DI,CD
1003900,IN01,DI,CD
1003900,IN04,SD,CD
1003901,IN02,SD,CD
1003901,IN04,SD,CD
1003911,IN01,DI,CD
1003912,IN01,DI,CD
1003913,IN01,DI,CD
1003913,IN01,EX,CD
1003914,IN01,DI,CD
1003914,IN01,EX,CD
1003916,IN01,EX,CD
1003919,IN01,DI,CD
1003923,IN01,EX,CD
1003924,IN01,EX,CD
1003925,IN01,EX,CD
1003926,IN01,DI,CD
1003927,IN01,DI,CD
1003928,IN01,DI,CD
1003929,IN01,DI,CD
1003930,IN01,DI,CD
1003931,IN01,DI,CD
1003932,IN01,DI,CD
1003933,IN01,DI,CD
1003934,IN01,DI,CD
1003935,IN01,DI,CD
1003936,IN01,DI,CD
1003937,IN01,DI,CD
1003938,IN01,DI,CD
1003939,IN01,DI,CD
1003941,IN01,DI,CD
1003942,IN01,DI,CD
1003946,IN03,SD,CD
1003956,IN01,DI,CD
1003956,IN03,SD,CD
1003957,IN03,SD,CD
1003958,IN03,SD,CD
1003959,IN03,SD,CD
1003961,IN03,SD,CD
1003962,IN03,SD,CD
1003963,IN03,SD,CD
1003964,IN03,SD,CD
1003965,IN03,SD,CD
1003966,IN03,SD,CD
1003967,IN03,SD,CD
1003968,IN03,SD,CD
1003969,IN01,DI,CD
1003970,IN01,DI,CD
1003971,IN01,DI,CD
1003972,US01,DI,CD
1003972,US01,EX,CD
1003972,US01,SD,CD
1003973,US01,DI,CD
1003973,US01,EX,CD
1003979,US01,DI,CD
1003980,US01,DI,CD
1003982,US01,DI,CD
1003983,US01,DI,CD
1003984,US01,DI,CD
1003985,US01,DI,CD
1003986,US01,DI,CD
1003987,US01,DI,CD
1003988,US01,DI,CD
1003989,US01,DI,CD
1003990,US01,DI,CD
1003991,US01,DI,CD
1003993,US01,DI,CD
1003994,US01,DI,CD
1003995,US01,DI,CD
1003996,US01,DI,CD
1004000,IN01,DI,CD
1004001,IN01,DI,CD
1004002,US01,DI,CD
1004003,US01,DI,CD
1004004,IN01,DI,CD
1004013,IN01,DI,CD
1004014,IN01,DI,CD
1004015,IN01,DI,CD
1004016,IN01,DI,CD
1004022,US01,DI,CD
1004024,IN01,DI,CD
1004026,US01,DI,CD
1004027,US01,DI,CD
1004028,US01,DI,CD
1004029,US01,DI,CD
1004030,IN01,DI,CD
1004031,IN01,DI,CD
1004032,IN01,DI,CD
1004033,IN03,SD,CD
1004034,IN01,DI,CD
1004035,IN01,DI,CD
1004036,IN01,DI,CD
1004037,IN01,DI,CD
1004038,IN01,DI,CD
1004038,IN01,EX,CD
1004038,US01,DI,CD
1004039,US01,DI,CD
1004040,IN01,DI,CD
1004042,IN01,DI,CD
1004047,US01,DI,CD
1004048,US01,DI,CD
1004048,US01,SD,CD
1004049,US01,DI,CD
1004050,IN01,EX,CD
1004051,US01,DI,CD
1004052,US01,DI,CD
1004053,IN01,DI,CD
1004054,IN01,DI,CD
1004055,IN01,DI,CD
1004056,IN01,DI,CD
1004056,IN03,SD,CD
1004057,US01,DI,CD
1004058,US01,DI,CD
1004059,US01,DI,CD
1004061,US01,DI,CD
1004062,US01,DI,CD
1004063,US01,DI,CD
1004064,IN01,DI,CD
1004065,IN01,DI,CD
1004066,IN01,DI,CD
1004067,IN01,DI,CD
1004068,IN01,DI,CD
1004069,IN02,SD,CD
1004069,IN04,SD,CD
1004070,IN01,EX,CD
1004071,IN01,DI,CD
1004072,IN01,DI,CD
1004073,IN01,DI,CD
1004074,IN01,DI,CD
1004075,IN01,DI,CD
1004076,IN01,DI,CD
1004078,IN01,DI,CD
1004079,IN01,DI,CD
1004080,US01,DI,CD
1004081,US01,DI,CD
1004082,US01,DI,CD
1004084,IN01,EX,CD
1004090,IN01,DI,CD
1004091,US01,DI,CD
1004092,US01,DI,CD
1004093,IN01,DI,CD
1004094,US01,DI,CD
1004095,US01,DI,CD
1004096,IN01,DI,CD
1004097,IN01,DI,CD
1004098,IN01,DI,CD
1004099,IN01,DI,CD
1004100,IN01,DI,CD
1004110,IN01,DI,CD
1004115,IN01,DI,CD
1004116,IN01,DI,CD
1004117,IN01,DI,CD
1004118,IN01,DI,CD
1004119,IN01,DI,CD
1004120,IN01,DI,CD
1004121,IN01,DI,CD
1004122,IN01,DI,CD
1004123,IN01,DI,CD
1004124,IN01,DI,CD
1004125,IN01,DI,CD
1004125,IN01,DT,CD
1004126,IN01,DI,CD
1004127,IN01,DI,CD
1004128,IN01,DI,CD
1004129,IN01,DI,CD
1004130,IN01,DI,CD
1004131,IN01,DI,CD
1004132,IN01,DI,CD
1004133,IN01,DI,CD
1004134,IN01,DI,CD
1004135,IN01,DI,CD
1004136,IN01,DI,CD
1004137,IN01,DI,CD
1004138,IN01,DI,CD
1004138,IN01,DT,CD
1004139,IN01,EX,CD
1004143,IN01,DI,CD
1004144,IN01,DI,CD
1004145,IN02,DI,CD
1004145,IN02,SD,CD
1004145,IN14,SD,CD
1004145,IN15,DI,CD
1004145,IN15,SD,CD
1004146,IN01,DI,CD
1004147,IN01,DI,CD
1004148,IN01,EX,CD
1004167,IN01,DI,CD
1004168,IN01,DI,CD
1004169,IN01,DI,CD
1004170,IN01,DI,CD
1004171,IN01,DI,CD
1004172,IN01,DI,CD
1004173,IN01,DI,CD
1004174,IN01,DI,CD
1004175,IN01,DI,CD
1004176,IN01,DI,CD
1004177,IN01,DI,CD
1004178,IN01,DI,CD
1004179,IN01,DI,CD
1004179,IN01,DT,CD
1004183,IN01,DI,CD
1004184,IN01,DI,CD
1004185,IN01,DI,CD
1004186,IN01,DI,CD
1004187,IN01,DI,CD
1004188,IN01,DI,CD
1004189,IN01,DI,CD
1004190,IN01,DI,CD
1004191,IN01,DI,CD
1004192,IN01,DI,CD
1004193,IN01,DI,CD
1004194,IN01,DI,CD
1004196,IN01,DI,CD
1004199,IN01,DI,CD
1004200,IN01,DI,CD
1004201,IN01,DI,CD
1004202,IN01,DI,CD
1004203,IN01,DI,CD
1004204,IN01,DI,CD
1004205,IN01,DI,CD
1004206,IN01,DI,CD
1004207,IN01,DI,CD
1004208,IN01,DI,CD
1004209,IN01,DI,CD
1004210,IN01,DI,CD
1004211,IN01,DI,CD
1004212,IN01,EX,CD
1004217,IN01,DI,CD
1004219,IN01,DI,CD
1004226,IN01,DI,CD
1004227,IN01,DI,CD
1004228,IN01,DI,CD
1004229,IN01,DI,CD
1004230,IN01,DI,CD
1004233,IN01,DI,CD
1004235,IN02,SD,CD
1004236,IN01,DI,CD
1004237,IN01,EX,CD
1004238,IN01,DI,CD
1004239,IN01,EX,CD
1004249,IN01,DI,CD
1004250,IN01,DI,CD
1004251,IN01,DI,CD
1004252,IN01,DI,CD
1004253,IN01,DI,CD
1004254,IN01,DI,CD
1004257,IN01,DI,CD
1004262,IN01,DI,CD
1004263,DE01,DI,CD
1004271,IN01,DT,CD
1004280,IN01,DT,CD
1004281,IN01,DT,CD
1004282,IN01,DI,CD
1004283,IN01,DI,CD
1004284,IN01,DT,CD
1004285,IN01,DT,CD
1004285,IN02,SD,CD
1004287,IN01,DI,CD
1004308,IN07,SD,CD
1004309,IN01,DI,CD
1004309,IN02,SD,CD
1004311,IN01,DI,CD
1004311,IN10,SD,CD
1004312,IN10,SD,CD
1004312,IN13,SD,CD
1004312,IN14,SD,CD
1004313,IN10,SD,CD
1004320,IN01,DI,CD
1004320,IN10,SD,CD
1004324,IN01,DI,CD
1004325,IN01,DI,CD
1004326,IN03,SD,CD
1004339,IN01,DI,CD
1004342,IN01,DI,CD
1004343,IN01,DI,CD
1004347,SG01,SD,CD
1004354,IN10,SD,CD
1004357,IN10,SD,CD
1004360,IN10,SD,CD
1004363,IN10,SD,CD
1004367,IN10,SD,CD
1004370,IN10,SD,CD
1004407,IN10,SD,CD
1004408,IN10,SD,CD
1004409,IN10,SD,CD
1004412,IN10,SD,CD
1004413,IN10,SD,CD
1004414,IN10,SD,CD
1004422,IN10,SD,CD
1004424,IN10,SD,CD
1004425,IN10,SD,CD
1004431,IN10,SD,CD
1004432,IN10,SD,CD
1004433,IN10,SD,CD
1004434,IN10,SD,CD
1004435,IN10,SD,CD
1004436,IN10,SD,CD
1004437,IN10,SD,CD
1004439,IN10,SD,CD
1004440,IN10,SD,CD
1004441,IN10,SD,CD
1004442,IN10,SD,CD
1004443,IN10,SD,CD
1004444,IN10,SD,CD
1004445,IN10,SD,CD
1004446,IN10,SD,CD
1004447,IN10,SD,CD
1004448,IN10,SD,CD
1004449,IN10,SD,CD
1004450,IN10,SD,CD
1004451,IN10,SD,CD
1004452,IN10,SD,CD
1004453,IN10,SD,CD
1004454,IN10,SD,CD
1004455,IN10,SD,CD
1004456,IN10,SD,CD
1004457,IN10,SD,CD
1004458,IN10,SD,CD
1004459,IN10,SD,CD
1004460,IN10,SD,CD
1004461,IN10,SD,CD
1004462,IN10,SD,CD
1004463,IN10,SD,CD
1004464,IN10,SD,CD
1004465,IN10,SD,CD
1004466,IN10,SD,CD
1004467,IN10,SD,CD
1004468,IN10,SD,CD
1004469,IN10,SD,CD
1004470,IN10,SD,CD
1004471,IN10,SD,CD
1004472,IN10,SD,CD
1004479,IN10,SD,CD
1004480,IN10,SD,CD
1004481,IN10,SD,CD
1004482,IN10,SD,CD
1004483,IN10,SD,CD
1004484,IN10,SD,CD
1004485,IN10,SD,CD
1004486,IN10,SD,CD
1004487,IN10,SD,CD
1004488,IN10,SD,CD
1004499,IN10,SD,CD
1004500,IN10,SD,CD
1004501,IN10,SD,CD
1004502,IN10,SD,CD
1004503,IN10,SD,CD
1004504,IN10,SD,CD
1004508,IN10,SD,CD
1004509,IN10,SD,CD
1004510,IN10,SD,CD
1004512,IN10,SD,CD
1004513,IN10,SD,CD
1004516,IN01,DI,CD
1004518,IN01,DI,CD
1004519,IN01,DI,CD
1004519,IN01,DT,CD
1004521,IN01,DI,CD
1004522,IN01,DI,CD
1004522,IN01,DT,CD
1004522,IN01,IC,CD
1004523,IN01,DI,CD
1004523,IN01,DT,CD
1004523,IN01,IC,CD
1004524,IN01,DI,CD
1004524,IN01,DT,CD
1004526,IN10,SD,CD
1004527,IN01,DI,CD
1004528,IN10,SD,CD
1004530,IN10,SD,CD
1004531,IN10,SD,CD
1004533,IN10,SD,CD
1004535,IN10,SD,CD
1004536,IN10,SD,CD
1004537,IN10,SD,CD
1004538,IN10,SD,CD
1004539,IN10,SD,CD
1004540,IN10,SD,CD
1004542,IN10,SD,CD
1004543,IN10,SD,CD
1004544,IN10,SD,CD
1004546,IN01,DI,CD
1004548,IN02,SD,CD
1004549,IN02,SD,CD
1004550,IN02,SD,CD
1004552,IN01,DI,CD
1004552,IN01,DT,CD
1004552,IN01,ST,CD
1004552,IN11,ST,CD
1007156,IN01,ST,CD
1007156,IN11,ST,CD
1007157,IN01,DI,CD
1007158,IN01,DI,CD
1007159,IN01,DI,CD
1007160,IN01,DI,CD
1007161,IN10,SD,CD
1007162,IN10,SD,CD
1007163,IN10,SD,CD
1007164,IN10,SD,CD
1007165,IN10,SD,CD
1007166,IN10,SD,CD
1007167,IN01,DI,CD
1007168,IN01,DI,CD
1007169,IN01,DI,CD
1007170,IN01,DT,CD
1007172,IN01,EX,CD
1007173,IN10,SD,CD
1007174,IN01,EX,CD
1007175,IN01,EX,CD
1007176,IN01,EX,CD
1007177,IN01,EX,CD
1007178,IN10,SD,CD
1007179,IN01,DI,CD
1007180,IN10,SD,CD
1007182,IN10,SD,CD
1007201,IN01,DI,CD
1007203,IN01,DI,CD
1007208,IN01,DI,CD
1007215,IN01,DI,CD
1007216,IN01,DI,CD
1007225,IN01,DI,CD
1007226,IN01,DI,CD
1007227,IN01,DI,CD
1007228,IN01,DI,CD
1007229,IN01,DI,CD
1007230,IN01,DI,CD
1007231,IN01,DI,CD
1007232,IN01,DI,CD
1007233,IN01,DI,CD
1007234,IN01,DI,CD
1007238,IN01,DI,CD
1007239,IN01,DI,CD
1007240,IN01,DI,CD
1007241,IN01,DI,CD
1007242,IN01,DI,CD
1007243,IN01,DI,CD
1007244,IN01,DI,CD
1007245,IN01,DI,CD
1007246,IN01,DI,CD
1007247,IN01,DI,CD
1007248,IN01,DI,CD
1007249,IN01,EX,CD
1007249,US01,DI,CD
1007250,IN01,EX,CD
1007250,US01,DI,CD
1007251,IN01,EX,CD
1007252,IN01,EX,CD
1007253,IN01,EX,CD
1007254,IN01,EX,CD
1007255,IN01,EX,CD
1007256,IN01,EX,CD
1007257,IN01,EX,CD
1007258,IN01,EX,CD
1007258,US01,SD,CD
1007261,IN10,SD,CD
1007262,IN10,SD,CD
1007264,IN10,SD,CD
1007267,IN10,SD,CD
1007268,IN10,SD,CD
1007269,IN10,SD,CD
1007272,IN10,SD,CD
1007273,IN10,SD,CD
1007274,IN10,SD,CD
1007275,IN10,SD,CD
1007276,IN10,SD,CD
1007277,IN10,SD,CD
1007282,IN10,SD,CD
1007283,IN10,SD,CD
1007290,IN10,SD,CD
1007291,IN10,SD,CD
1007292,IN01,DI,CD
1007293,IN01,DI,CD
1007294,IN01,DI,CD
1007296,IN01,DI,CD
1007296,IN11,DT,CD
1007297,IN01,DI,CD
1007298,IN01,DI,CD
1007299,IN01,DI,CD
1007300,IN01,DI,CD
1007301,IN01,DI,CD
1007303,IN01,DI,CD
1007304,IN01,DI,CD
1007305,IN01,DI,CD
1007306,IN01,DI,CD
1007309,IN01,DI,CD
1007310,IN13,SD,CD
1007800,IN01,ST,CD
1007800,IN02,DI,CD
1007800,IN02,ST,CD
1007800,IN11,ST,CD
1007801,IN01,DT,CD
1007801,IN01,EX,CD
1007801,IN11,DT,CD
1007802,IN01,DT,CD
1007803,IN01,DT,CD
1007803,IN11,DT,CD
1007804,IN01,DT,CD
1007805,IN01,DT,CD
1007805,IN11,DT,CD
1007806,IN01,DT,CD
1007806,IN11,DT,CD
1007807,IN11,DT,CD
1007808,IN11,DT,CD
1007809,IN11,DT,CD
1007810,IN11,DT,CD
1007811,IN11,DT,CD
1007812,IN11,DT,CD
1007813,IN11,DT,CD
1007814,IN11,DT,CD
1007815,IN11,DT,CD
1007816,IN11,DT,CD
1007817,IN11,DT,CD
1007818,IN11,DT,CD
1007819,IN11,DT,CD
1007820,IN01,DI,CD
1007820,IN01,DT,CD
1007821,IN10,SD,CD
1007822,IN11,DT,CD
1007823,IN01,DI,CD
1007824,IN01,MX,CD
1007825,IN01,DT,CD
1007825,IN01,EX,CD
1007825,IN11,DT,CD
1007826,IN10,SD,CD
1007827,IN01,DI,CD
1007828,IN01,DI,CD
1007828,IN10,SD,CD
1007830,IN01,DI,CD
1007830,IN11,DT,CD
1007831,IN01,DI,CD
1007831,IN10,SD,CD
1007832,IN10,SD,CD
1007833,IN10,SD,CD
1007834,IN15,DI,CD
1007835,US01,EX,CD
1007836,US01,EX,CD
1007837,IN01,DI,CD
1007838,IN01,EX,CD
1007841,US01,DI,CD
1007842,US01,DI,CD
1007843,IN10,SD,CD
1007844,IN11,DT,CD
1007845,IN10,SD,CD
1007846,US01,DI,CD
1007847,IN01,DI,CD
1007848,US01,DI,CD
1007849,IN15,SD,CD
1007850,US01,DI,CD
1007851,IN01,DI,CD
1007852,IN10,SI,CD
1007854,IN01,DI,CD
1008770,IN01,ST,CD
1008770,IN11,ST,CD
1008772,IN15,DI,CD
1008773,IN15,DI,CD
1008775,IN01,DI,CD
1008776,IN01,EX,CD
1008776,US01,DI,CD
1008777,IN01,EX,CD
1009234,IN01,ST,CD
1009234,IN11,DT,CD
1009235,IN07,SD,CD
1009236,IN01,DI,CD
1009238,IN01,DI,CD
1009239,IN01,DI,CD
1009240,IN01,EX,CD
1009241,IN11,DT,CD
1009243,IN10,SD,CD
1010100,IN01,ST,CD
1010100,IN11,ST,CD
1010185,IN01,ST,CD
1010185,IN11,SD,CD
1010185,IN11,ST,CD
1010190,IN01,EX,CD
1011484,IN01,ST,CD
1011485,IN01,ST,CD
1011569,IN01,ST,CD
1011570,IN10,SI,CD
1011817,IN01,ST,CD
1011817,IN11,ST,CD
1011818,IN01,DI,CD
1011820,IN01,DI,SC
1011821,IN10,SD,CD
1011822,IN01,DI,CD
1011823,IN01,DI,CD
1011825,IN15,DI,CD
1011826,IN13,SD,CD
1011827,IN01,DI,CD
1011844,IN11,DT,CD
1011845,IN11,DT,CD
1011846,IN11,DT,CD
1011847,IN11,DT,CD
1011848,SG01,ST,CD
1011850,IN11,DT,CD
1011851,IN11,DT,CD
1011852,IN11,DT,CD
1011853,IN11,DT,CD
1011854,IN11,DT,CD
1011855,IN11,DT,CD
1011856,IN11,DT,CD
1011857,IN11,DT,CD
1011858,IN11,DT,CD
1011859,IN11,DT,CD
1011860,IN11,DT,CD
1011861,IN11,DT,CD
1011862,IN11,DT,CD
1011863,IN11,DT,CD
1011864,IN11,DT,CD
1011865,IN11,DT,CD
1011866,IN11,DT,CD
1011868,IN01,DT,CD
1011869,IN01,DT,CD
1011870,IN01,DT,CD
1011871,IN01,DT,CD
1011872,IN01,DT,CD
1011873,IN01,DT,CD
1011874,IN01,DT,CD
1011875,IN01,DT,CD
1011876,IN01,DT,CD
1011877,IN01,DT,CD
1011878,IN01,DT,CD
1011879,IN01,DT,CD
1011880,IN01,DT,CD
1011881,IN01,DT,CD
1011882,IN01,DT,CD
1011883,IN01,DT,CD
1011884,IN01,DT,CD
1011885,IN01,DT,CD
1011886,IN01,DT,CD
1011887,IN01,DT,CD
1011889,IN01,DT,CD
1011890,IN01,DT,CD
1011891,IN01,DT,CD
1011892,IN01,DT,CD
1011893,IN01,DT,CD
1011894,IN01,DT,CD
1011895,IN01,DT,CD
1011896,IN01,DT,CD
1011897,IN01,DT,CD
1011898,IN01,DT,CD
1011899,IN01,DT,CD
1011900,IN01,DT,CD
1011901,IN01,DT,CD
1011902,IN01,DT,CD
1011903,IN01,DT,CD
1011904,IN01,DT,CD
1011905,IN01,DT,CD
1011906,IN01,DT,CD
1011907,IN01,DT,CD
1011908,IN01,DT,CD
1011909,IN01,DT,CD
1011910,IN01,DT,CD
1011911,IN01,DT,CD
1011912,IN01,DT,CD
1011913,IN01,DT,CD
1011914,IN01,DT,CD
1011915,IN01,DT,CD
1011916,IN01,DT,CD
1011917,IN01,DT,CD
1011918,IN01,DT,CD
1011919,IN01,DT,CD
1011920,IN01,DT,CD
1011921,IN01,DT,CD
1011922,IN01,DT,CD
1011923,IN01,DT,CD
1011924,IN01,DT,CD
1011925,IN01,DT,CD
1011926,IN01,DT,CD
1011927,IN01,DT,CD
1011928,IN01,DT,CD
1011929,IN01,DT,CD
1011930,IN01,DT,CD
1011931,IN01,DT,CD
1011932,IN01,DT,CD
1011933,IN01,DT,CD
1011934,IN01,DT,CD
1011935,IN01,DT,CD
1011936,IN01,DT,CD
1011937,IN01,DT,CD
1011938,IN01,DT,CD
1011939,IN01,DT,CD
1011940,IN01,DT,CD
1011941,IN01,DT,CD
PL1001,IN01,ST,CD
PL1001,IN11,ST,CD
PL1001,US01,DI,CD
PL1002,IN01,DI,CD
PL1002,IN01,ST,CD
PL1002,IN11,ST,CD
PL1003,IN01,ST,CD
PL1004,IN01,ST,CD
PL1005,IN01,ST,CD
PL1006,IN01,ST,CD
PL1007,IN01,ST,CD
PL1008,IN01,ST,CD
PL1009,IN01,ST,CD
PL1010,IN01,ST,CD
PL1011,IN01,ST,CD
PL1012,IN01,ST,CD
PL1013,IN01,ST,CD
PL1014,IN01,ST,CD
PL1015,IN01,DI,CD
PL1015,IN01,ST,CD
PL1016,IN01,ST,CD
PL1017,IN01,ST,CD
PL1018,IN01,ST,CD
PL1020,IN01,ST,CD
PL1021,IN01,ST,CD
PL1022,IN01,ST,CD
PL1023,IN01,ST,CD
PL1024,IN01,ST,CD
PL1025,IN01,ST,CD
PL1026,IN01,ST,CD
PL1027,IN01,ST,CD
PL1032,IN01,ST,CD
PL1033,IN01,ST,CD
PL1034,IN01,ST,CD
PL1503,IN01,ST,CD
PL2000,IN01,ST,CD
PL2000,IN02,ST,CD
PL2001,IN01,ST,CD
PL2001,IN02,ST,CD
PL2002,IN01,ST,CD
PL2002,IN02,ST,CD
PL2003,IN01,ST,CD
PL2003,IN02,ST,CD
PL2004,IN01,ST,CD
PL2004,IN02,ST,CD
PL2005,IN01,ST,CD
PL2005,IN02,ST,CD
PL2006,IN01,ST,CD
PL2006,IN02,ST,CD
PL2007,IN01,ST,CD
PL2007,IN02,ST,CD
PL2008,IN01,ST,CD
PL2008,IN02,ST,CD
PL2009,IN01,ST,CD
PL2009,IN02,ST,CD
PL2010,IN01,ST,CD
PL2010,IN02,ST,CD
PL2011,IN01,ST,CD
PL2011,IN02,ST,CD
PL2011,IN03,ST,CD
PL2012,IN01,ST,CD
PL2012,IN02,ST,CD
PL2013,IN01,ST,CD
PL2013,IN02,SD,CD
PL2013,IN02,ST,CD
PL2014,IN01,ST,CD
PL2014,IN02,ST,CD
PL2015,IN01,ST,CD
PL2015,IN02,ST,CD
PL2016,IN01,ST,CD
PL2016,IN02,ST,CD
PL2017,IN01,ST,CD
PL2017,IN02,ST,CD
PL2021,IN01,ST,CD
PL2021,IN02,ST,CD
PL2022,IN01,ST,CD
PL2023,IN01,ST,CD
PL3002,IN01,ST,CD
PL3002,IN11,ST,CD
PL3009,IN11,ST,CD
PL3015,IN01,DI,CD
PL3015,IN01,ST,CD
PL3015,IN11,ST,CD
PL3303,IN01,ST,CD
PL3303,IN11,ST,CD
PL3304,IN01,DI,CD
PL3304,IN01,ST,CD
PL3304,IN10,SD,CD
PL3304,IN11,ST,CD
PL3305,IN01,DI,CD
PL3305,IN01,ST,CD
PL3305,IN10,SD,CD
PL3305,IN11,ST,CD
PL3306,IN01,DI,CD
PL3306,IN01,ST,CD
PL3306,IN10,SD,CD
PL3306,IN11,ST,CD
PL3315,IN11,DT,CD
PL3315,IN11,ST,CD
PL3320,IN01,ST,CD
PL3320,IN11,ST,CD
PL5001,IN01,ST,CD
PL5001,IN02,ST,CD
PLDE01,IN01,ST,CD
PLUS01,IN01,ST,CD
PLUS02,IN01,ST,CD
